source,field,measure,priority
cfbd,player_season.conference,prior.college_conference,1
cfbd,player_season.defensive.PD,prior.college_passes_defended,1
cfbd,player_season.defensive.QB HUR,prior.college_qb_hurries,1
cfbd,player_season.defensive.SACKS,prior.college_sacks,1
cfbd,player_season.defensive.SOLO,prior.college_solo_tackles,1
cfbd,player_season.defensive.TFL,prior.college_tackles_for_loss,1
cfbd,player_season.defensive.TOT,prior.college_total_tackles,1
cfbd,player_season.interceptions.INT,prior.college_interceptions,1
cfbd,player_season.kicking.FGA,prior.college_fg_attempts,1
cfbd,player_season.kicking.FGM,prior.college_fg_made,1
cfbd,player_season.passing.ATT,prior.college_pass_attempts,1
cfbd,player_season.passing.COMPLETIONS,prior.college_completions,1
cfbd,player_season.passing.INT,prior.college_interceptions_thrown,1
cfbd,player_season.passing.TD,prior.college_passing_tds,1
cfbd,player_season.passing.YDS,prior.college_passing_yards,1
cfbd,player_season.receiving.REC,prior.college_receptions,1
cfbd,player_season.receiving.TD,prior.college_receiving_tds,1
cfbd,player_season.receiving.YDS,prior.college_receiving_yards,1
cfbd,player_season.rushing.CAR,prior.college_carries,1
cfbd,player_season.rushing.TD,prior.college_rushing_tds,1
cfbd,player_season.rushing.YDS,prior.college_rushing_yards,1
cfbd,player_season.team,prior.college_team,1
cfbd,team_season.defensive.PD,prior.college_team_passes_defended,1
cfbd,team_season.defensive.QB HUR,prior.college_team_qb_hurries,1
cfbd,team_season.defensive.SACKS,prior.college_team_sacks,1
cfbd,team_season.defensive.TFL,prior.college_team_tackles_for_loss,1
cfbd,team_season.defensive.TOT,prior.college_team_total_tackles,1
cfbd,team_season.interceptions.INT,prior.college_team_interceptions,1
cfbd,team_season.passing.YDS,prior.college_team_passing_yards,1
cfbd,team_season.receiving.REC,prior.college_team_receptions,1
cfbd,team_season.receiving.YDS,prior.college_team_receiving_yards,1
cfbd,team_season.rushing.CAR,prior.college_team_carries,1
cfbd,team_season.rushing.YDS,prior.college_team_rushing_yards,1
mfl,playerScores.score,outcome.fantasy_points,1
mfl,playerScores.week,outcome.weekly_fantasy_points,1
nflverse,combine.bench,prior.bench,1
nflverse,combine.broad_jump,prior.broad_jump,1
nflverse,combine.cone,prior.three_cone,1
nflverse,combine.forty,prior.forty,1
nflverse,combine.shuttle,prior.shuttle,1
nflverse,combine.vertical,prior.vertical,1
nflverse,combine.wt,prior.weight,1
nflverse,contracts.apy_cap_pct,context.contract_cap_pct,1
nflverse,contracts.guaranteed,context.contract_guaranteed,1
nflverse,contracts.value,context.contract_value,1
nflverse,contracts.years,context.contract_years,1
nflverse,draft_picks.pick,prior.draft_pick,1
nflverse,draft_picks.round,prior.draft_round,1
nflverse,draft_picks.season,prior.draft_year,1
nflverse,injuries.practice_status,availability.practice_status,1
nflverse,injuries.report_status,availability.game_status,1
nflverse,players.birth_date,context.birth_date,1
nflverse,players.height,prior.height,1
nflverse,players.position,context.nfl_position,1
nflverse,players.rookie_season,context.rookie_season,1
nflverse,snap_counts.defense_pct,exposure.defense_snap_share,1
nflverse,snap_counts.defense_snaps,exposure.defense_snaps,1
nflverse,snap_counts.offense_pct,exposure.offense_snap_share,1
nflverse,snap_counts.offense_snaps,exposure.offense_snaps,1
nflverse,snap_counts.st_snaps,exposure.special_teams_snaps,1
nflverse,snap_counts.team,context.team,1
nflverse,stats_player_week.attempts,opportunity.pass_attempts,1
nflverse,stats_player_week.carries,opportunity.carries,1
nflverse,stats_player_week.completions,outcome.completions,1
nflverse,stats_player_week.def_fumbles_forced,outcome.forced_fumbles,1
nflverse,stats_player_week.def_interceptions,outcome.interceptions,1
nflverse,stats_player_week.def_pass_defended,outcome.passes_defended,1
nflverse,stats_player_week.def_qb_hits,outcome.qb_hits,1
nflverse,stats_player_week.def_sacks,outcome.sacks,1
nflverse,stats_player_week.def_safeties,outcome.safeties,1
nflverse,stats_player_week.def_tackle_assists,outcome.assisted_tackles,1
nflverse,stats_player_week.def_tackles_for_loss,outcome.tackles_for_loss,1
nflverse,stats_player_week.def_tackles_solo,outcome.solo_tackles,1
nflverse,stats_player_week.def_tds,outcome.defensive_tds,1
nflverse,stats_player_week.fg_att,opportunity.fg_attempts,1
nflverse,stats_player_week.fg_made_0_19,outcome.fg_made_0_19,1
nflverse,stats_player_week.fg_made_20_29,outcome.fg_made_20_29,1
nflverse,stats_player_week.fg_made_30_39,outcome.fg_made_30_39,1
nflverse,stats_player_week.fg_made_40_49,outcome.fg_made_40_49,1
nflverse,stats_player_week.fg_made_50_59,outcome.fg_made_50_59,1
nflverse,stats_player_week.fg_made_60_,outcome.fg_made_60_plus,1
nflverse,stats_player_week.fg_missed_0_19,outcome.fg_missed_0_19,1
nflverse,stats_player_week.fg_missed_20_29,outcome.fg_missed_20_29,1
nflverse,stats_player_week.fg_missed_30_39,outcome.fg_missed_30_39,1
nflverse,stats_player_week.fg_missed_40_49,outcome.fg_missed_40_49,1
nflverse,stats_player_week.fg_missed_50_59,outcome.fg_missed_50_59,1
nflverse,stats_player_week.fg_missed_60_,outcome.fg_missed_60_plus,1
nflverse,stats_player_week.fumble_recovery_opp,outcome.fumble_recoveries,1
nflverse,stats_player_week.fumbles_lost_total,outcome.fumbles_lost,1
nflverse,stats_player_week.passing_air_yards,opportunity.passing_air_yards,1
nflverse,stats_player_week.passing_epa,outcome.passing_epa,1
nflverse,stats_player_week.passing_first_downs,outcome.passing_first_downs,1
nflverse,stats_player_week.passing_interceptions,outcome.interceptions_thrown,1
nflverse,stats_player_week.passing_tds,outcome.passing_tds,1
nflverse,stats_player_week.passing_yards,outcome.passing_yards,1
nflverse,stats_player_week.pat_att,opportunity.pat_attempts,1
nflverse,stats_player_week.pat_made,outcome.pat_made,1
nflverse,stats_player_week.receiving_air_yards,opportunity.air_yards,1
nflverse,stats_player_week.receiving_epa,outcome.receiving_epa,1
nflverse,stats_player_week.receiving_first_downs,outcome.receiving_first_downs,1
nflverse,stats_player_week.receiving_tds,outcome.receiving_tds,1
nflverse,stats_player_week.receiving_yards,outcome.receiving_yards,1
nflverse,stats_player_week.receiving_yards_after_catch,outcome.yards_after_catch,1
nflverse,stats_player_week.receptions,outcome.receptions,1
nflverse,stats_player_week.rushing_epa,outcome.rushing_epa,1
nflverse,stats_player_week.rushing_first_downs,outcome.rushing_first_downs,1
nflverse,stats_player_week.rushing_tds,outcome.rushing_tds,1
nflverse,stats_player_week.rushing_yards,outcome.rushing_yards,1
nflverse,stats_player_week.sacks_suffered,outcome.sacks_taken,1
nflverse,stats_player_week.targets,opportunity.targets,1
